Feature,Importance
Lag_30,0.6818893496086121
Lag_1,0.2732533409502263
Lag_2,0.02812367925139654
Lag_3,0.009736901068597724
Lag_7,0.006996729121167361
